"2017-09-21	user_aeb11731a6644e76ab97c57aeb876bf8	user_ebea46a38c3c4f92889241aad5c536b2	Rafael Zimberoff	895232	SHIPRUSH1	print	388	388	0	9400136895232172332527	shp_978877a4940c40d9bc3cc8247e0e30b0	13	1231	6	NULL	NULL	NULL	NULL	Parcel	FC	19150	76708-5788	US"
"2017-09-21	user_9a97c49c0f5849169d55e65617badec7	user_ebea46a38c3c4f92889241aad5c536b2	Rafael Zimberoff	895232	SHIPRUSH1	print	1205	1061	0	9405536895232172332599	shp_e56eaf3579ec48ea9495a16ee71866e8	1	7730	5	NULL	NULL	NULL	NULL	MediumFlatRateBox	PM	98841	80210-2326	US"
"2017-09-21	user_e696d4ac37cb420284fbc5097bc47d19	user_ebea46a38c3c4f92889241aad5c536b2	Rafael Zimberoff	895232	SHIPRUSH1	print	704	631	0	9405536895232172332667	shp_da5aab6f839d4376801f4044721dfb89	16	7700	8	NULL	NULL	NULL	NULL	Parcel	PM	27409	90605-1210	US"
"2017-09-21	user_7b07b92ecd5549c38e2367703f7d245c	user_ebea46a38c3c4f92889241aad5c536b2	Rafael Zimberoff	895232	SHIPRUSH1	print	825	629	0	9405536895232172332735	shp_102ee9047568457abc5622701e261154	25	7700	6	7	5	5	NULL	Parcel	PM	27103	67730-2033	US"
"2017-09-21	user_75c72fe617f24f6aa49633cb9467c800	user_ebea46a38c3c4f92889241aad5c536b2	Rafael Zimberoff	895232	SHIPRUSH1	print	261	261	0	9400136895232172332749	shp_1ce0b09a671c4e55994fe1f00cef8da5	4	1231	5	NULL	NULL	NULL	NULL	Parcel	FC	34104	19138-1206	US"
"2017-09-21	user_022fd9beb5e04ee6af92e0ad96b6433c	user_ebea46a38c3c4f92889241aad5c536b2	Rafael Zimberoff	895232	SHIPRUSH1	print	261	261	0	9400136895232172332824	shp_d4bbaf443a524061af2cc5cef17ebfe3	4	1231	5	NULL	NULL	NULL	NULL	Parcel	FC	34689	76180-8331	US"
"2017-09-21	user_1b83c38842254b108fba614ea3bf0e6d	user_ebea46a38c3c4f92889241aad5c536b2	Rafael Zimberoff	895232	SHIPRUSH1	print	777	566	0	9405536895232172332841	shp_533c201a2b81492f9006eefbc6edd65f	80	7900	3	56	5	5	NULL	Parcel	PM	48393	60629-3620	US"
"2017-09-21	user_4f8f3ff224cc4a9f9fd90923ad39b51d	user_ebea46a38c3c4f92889241aad5c536b2	Rafael Zimberoff	895232	SHIPRUSH1	print	640	540	0	9405536895232172332865	shp_95db0b0e422748d884711bf0f519ab7e	32	7700	3	NULL	NULL	NULL	NULL	Parcel	PM	37135	45843-9750	US"
"2017-09-21	user_b575e4fc666c49e9a3cf1b8f3d1fb382	user_ebea46a38c3c4f92889241aad5c536b2	Rafael Zimberoff	895232	SHIPRUSH1	print	2118	1715	0	9470136895232172332878	shp_0f5203f4522249e4a852399918c5a6ae	1	7010	8	NULL	NULL	NULL	NULL	FlatRateEnvelope	EX	85281	32812-5280	US"
"2017-09-21	user_f1c66051fc4e4cb39e38e63913d42728	user_ebea46a38c3c4f92889241aad5c536b2	Rafael Zimberoff	895232	SHIPRUSH1	print	277	277	0	9400136895232172332909	shp_a4c09ec1344d46dabbbc6723fb9da409	7	1231	8	NULL	NULL	NULL	NULL	Parcel	FC	34104	97401-2603	US"
"2017-09-21	user_66869f60291144a4992c719e56e508b8	user_ebea46a38c3c4f92889241aad5c536b2	Rafael Zimberoff	895232	SHIPRUSH1	print	277	277	0	9400136895232172332923	shp_7b34e603f8104c1bb2ed6d16c755915a	8	1231	8	NULL	NULL	NULL	NULL	Parcel	FC	92592	19320-2144	US"
"2017-09-21	user_384c7de3f9ac42faa20c0ab8756d33a7	user_ebea46a38c3c4f92889241aad5c536b2	Rafael Zimberoff	895232	SHIPRUSH1	print	605	498	0	9405536895232172332964	shp_aa9f4873f2154bf7a38ee8f585292310	1	7711	3	NULL	NULL	NULL	NULL	FlatRateLegalEnvelope	PM	90620	95112-1301	US"
"2017-09-21	user_77153de07c854b479e8d4877a3d42a04	user_ebea46a38c3c4f92889241aad5c536b2	Rafael Zimberoff	895232	SHIPRUSH1	print	277	277	0	9400136895232172333005	shp_66db86264c3d4e108f44985fb46bef7c	5	1231	5	10	10	10	NULL	Parcel	FC	46012	78612-3335	US"
"2017-09-21	user_44daf483348144b18b7c21d55c88c092	user_ebea46a38c3c4f92889241aad5c536b2	Rafael Zimberoff	895232	SHIPRUSH1	print	360	360	0	9400136895232172333036	shp_2912bf1598d54a888e780a653fb0e785	11	1231	5	NULL	NULL	NULL	NULL	Parcel	FC	55344	19090-2912	US"
"2017-09-21	user_82d271d52ada4d1d97539734a28045a9	user_ebea46a38c3c4f92889241aad5c536b2	Rafael Zimberoff	895232	SHIPRUSH1	print	575	494	0	9405536895232172333053	shp_7d99f49f81314f0fa6cce740c2790729	1	7710	7	NULL	NULL	NULL	NULL	FlatRateEnvelope	PM	98335	74501-5300	US"
"2017-09-21	user_9a97c49c0f5849169d55e65617badec7	user_ebea46a38c3c4f92889241aad5c536b2	Rafael Zimberoff	895232	SHIPRUSH1	print	891	629	0	9405536895232172333077	shp_7123a19f7836414ea5e74d1d83ea5d6f	32	7700	6	NULL	NULL	NULL	NULL	Parcel	PM	98841	85710-2522	US"
"2017-09-21	user_35cef0a6ecfa4592a3a3e0ebb2d2f42d	user_ebea46a38c3c4f92889241aad5c536b2	Rafael Zimberoff	895232	SHIPRUSH1	print	625	519	0	9405536895232172333084	shp_f8f7132aee894d708e19114077b38e5a	1	7720	5	NULL	NULL	NULL	NULL	SmallFlatRateBox	PM	374083022	33311-4002	US"
"2017-09-21	user_77153de07c854b479e8d4877a3d42a04	user_ebea46a38c3c4f92889241aad5c536b2	Rafael Zimberoff	895232	SHIPRUSH1	print	277	277	0	9400136895232172333128	shp_e79cf98925d84920abc66b3367111b10	5	1231	5	10	10	10	NULL	Parcel	FC	46012	80536-7606	US"
"2017-09-21	user_de22e449888a42d39435eba079cff00d	user_ebea46a38c3c4f92889241aad5c536b2	Rafael Zimberoff	895232	SHIPRUSH1	print	277	277	0	9400136895232172333142	shp_301b722669d34b79a350c111df92235f	8	1231	6	NULL	NULL	NULL	NULL	Parcel	FC	91914	75501-0082	US"
"2017-09-21	user_7334781077aa48ed82051bbac617b5da	user_ebea46a38c3c4f92889241aad5c536b2	Rafael Zimberoff	895232	SHIPRUSH1	print	332	332	0	9400136895232172333159	shp_862f375bf2394ceb841fa9b36d354ae6	9	1231	5	NULL	NULL	NULL	NULL	Parcel	FC	04928	48202-3130	US"
"2017-09-21	user_617cf1ba412042a3b3fad8d8239ab1d1	user_ebea46a38c3c4f92889241aad5c536b2	Rafael Zimberoff	895232	SHIPRUSH1	print	723	653	0	9405536895232172333176	shp_391fd872629d4333ae770179d3d17b57	35	7401	5	4	4	10	1	Parcel	PM	19966-6671	30143-8922	US"
"2017-09-21	user_65b0fc1b79a7489baab468d179b3b978	user_ebea46a38c3c4f92889241aad5c536b2	Rafael Zimberoff	895232	SHIPRUSH1	print	261	261	0	9400136895232172333210	shp_70a6a60799f646b8b1fe480e26dcf0fe	4	1231	8	NULL	NULL	NULL	NULL	Parcel	FC	91733	02917-1417	US"
"2017-09-21	user_17786a6c2ee44e959f40b796f6d31932	user_ebea46a38c3c4f92889241aad5c536b2	Rafael Zimberoff	895232	SHIPRUSH1	print	905	726	0	9405536895232172333237	shp_9528c12ed6db48de9cb5f9968ab18be7	285	7503	5	10	8	5	3	Parcel	PM	55345	38469-2328	US"
"2017-09-21	user_a0a7098b1a8e45f8b85b845056b1f439	user_ebea46a38c3c4f92889241aad5c536b2	Rafael Zimberoff	895232	SHIPRUSH1	print	261	261	0	9400136895232172333401	shp_f65e72f9d563484ba3fed64b95c08439	4	1231	6	NULL	NULL	NULL	NULL	Parcel	FC	98444	79905-2027	US"
"2017-09-21	user_9a97c49c0f5849169d55e65617badec7	user_ebea46a38c3c4f92889241aad5c536b2	Rafael Zimberoff	895232	SHIPRUSH1	print	1205	1061	0	9405536895232172333480	shp_3e551331aa294fd5bc296dba2d1aea05	1	7730	6	NULL	NULL	NULL	NULL	MediumFlatRateBox	PM	98841	55005-9561	US"
"2017-09-21	user_bdfffce49a4d40419d7fc6c8a827d8d3	user_ebea46a38c3c4f92889241aad5c536b2	Rafael Zimberoff	895232	SHIPRUSH1	print	630	533	0	9405536895232172333503	shp_7748e8fd6f4c4ca99ea2b3e73a88bd93	1	7422	7	NULL	NULL	NULL	NULL	FlatRatePaddedEnvelope	PM	64429	95688-9608	US"
"2017-09-21	user_35cef0a6ecfa4592a3a3e0ebb2d2f42d	user_ebea46a38c3c4f92889241aad5c536b2	Rafael Zimberoff	895232	SHIPRUSH1	print	625	519	0	9405536895232172333541	shp_8b807d507396463592f20ecc914916a8	1	7720	3	NULL	NULL	NULL	NULL	SmallFlatRateBox	PM	374083022	47459-5923	US"
"2017-09-21	user_75c72fe617f24f6aa49633cb9467c800	user_ebea46a38c3c4f92889241aad5c536b2	Rafael Zimberoff	895232	SHIPRUSH1	print	261	261	0	9400136895232172333562	shp_dd14ee6717974beb8666d2499524c7a6	4	1231	8	NULL	NULL	NULL	NULL	Parcel	FC	34104	85379-4738	US"
"2017-09-21	user_3aaf332621584390838c9c5a887ac8a8	user_ebea46a38c3c4f92889241aad5c536b2	Rafael Zimberoff	895232	SHIPRUSH1	print	739	629	0	9405536895232172333558	shp_7732d6ab0593422ab18d5fdfc7c68713	32	7700	6	12	3	3	NULL	Parcel	PM	44130	80017-4458	US"
"2017-09-21	user_022fd9beb5e04ee6af92e0ad96b6433c	user_ebea46a38c3c4f92889241aad5c536b2	Rafael Zimberoff	895232	SHIPRUSH1	print	261	261	0	9400136895232172333586	shp_89221be8f3a64321aefe0269734279ca	4	1231	5	NULL	NULL	NULL	NULL	Parcel	FC	34689	61455-3310	US"
"2017-09-21	user_13bc50b24a5a4685aa7aa8144c6afc60	user_ebea46a38c3c4f92889241aad5c536b2	Rafael Zimberoff	895232	SHIPRUSH1	print	1062	803	0	9405536895232172333602	shp_c408a9d1e47e453983ab046f0fde3317	80	7900	5	10	10	10	NULL	Parcel	PM	91733	97051-1701	US"
"2017-09-21	user_4f8f3ff224cc4a9f9fd90923ad39b51d	user_ebea46a38c3c4f92889241aad5c536b2	Rafael Zimberoff	895232	SHIPRUSH1	print	762	595	0	9405536895232172333657	shp_542c93277c0648fd86fab03ea018f265	48	7700	4	NULL	NULL	NULL	NULL	Parcel	PM	37135	48439-1622	US"
"2017-09-21	user_617cf1ba412042a3b3fad8d8239ab1d1	user_ebea46a38c3c4f92889241aad5c536b2	Rafael Zimberoff	895232	SHIPRUSH1	print	884	795	0	9405536895232172333633	shp_5800681894b54210babb48f894ef59a2	68	7402	8	5	5	10	2	Parcel	PM	19966-6671	85625-6043	US"
"2017-09-21	user_bf4bdf557e364dab9b07b2c1d8459454	user_ebea46a38c3c4f92889241aad5c536b2	Rafael Zimberoff	895232	SHIPRUSH1	print	261	261	0	9400136895232172333685	shp_07a6ec4b97b84cfab64249f6a71aa364	4	1231	4	8	8	3	NULL	Parcel	FC	10009	28755-0132	US"
"2017-09-21	user_eaa827ff71264fd8af2e02d54ac127b6	user_ebea46a38c3c4f92889241aad5c536b2	Rafael Zimberoff	895232	SHIPRUSH1	print	360	360	0	9400136895232172333692	shp_1b08c4e4bfa1477281a43625029ec9b7	11	1231	7	18	12	1	NULL	Parcel	FC	33407	80922-1716	US"
"2017-09-21	user_94b72d37b4944c0bbbe6affa1040f8eb	user_ebea46a38c3c4f92889241aad5c536b2	Rafael Zimberoff	895232	SHIPRUSH1	print	652	530	0	9405536895232172333701	shp_f00f991d237e4e88bc879440c3f4a665	44	7507	1	NULL	NULL	NULL	NULL	RegionalRateBoxA	PM	45822	45645-0079	US"
"2017-09-21	user_b575e4fc666c49e9a3cf1b8f3d1fb382	user_ebea46a38c3c4f92889241aad5c536b2	Rafael Zimberoff	895232	SHIPRUSH1	print	261	261	0	9400136895232172333760	shp_e9ac1e001b4141698191ecca2138eefa	1	1231	7	NULL	NULL	NULL	NULL	Parcel	FC	85281	32303-4454	US"
"2017-09-21	user_171a23ce95534181882f2f45fcb6591b	user_ebea46a38c3c4f92889241aad5c536b2	Rafael Zimberoff	895232	SHIPRUSH1	print	277	277	0	9400136895232172333821	shp_a9d2079756dd4ee7b095db13260cc515	8	1231	4	NULL	NULL	NULL	NULL	Parcel	FC	07444	26571-1302	US"
"2017-09-21	user_0968d05221ca4d20be0bfa1b14205567	user_ebea46a38c3c4f92889241aad5c536b2	Rafael Zimberoff	895232	SHIPRUSH1	print	737	600	0	9405536895232172333855	shp_028172754a3f4f128820ca1db9170901	64	7700	4	6	6	9	NULL	Parcel	PM	66214	72821-8002	US"
"2017-09-21	user_85e9c734a8334e66b9b4303bb5a7e82c	user_ebea46a38c3c4f92889241aad5c536b2	Rafael Zimberoff	895232	SHIPRUSH1	print	508	508	0	9449036895232172334004	shp_c7b87857b1a940848202f69808c2045f	90	4310	5	NULL	NULL	NULL	NULL	Parcel	BS	60622	27976-9611	US"
"2017-09-21	user_35cef0a6ecfa4592a3a3e0ebb2d2f42d	user_ebea46a38c3c4f92889241aad5c536b2	Rafael Zimberoff	895232	SHIPRUSH1	print	625	519	0	9405536895232172334067	shp_4fd0c50e16de45789abfe382ac06668c	1	7720	5	NULL	NULL	NULL	NULL	SmallFlatRateBox	PM	374083022	78723-4522	US"
"2017-09-21	user_7b07b92ecd5549c38e2367703f7d245c	user_ebea46a38c3c4f92889241aad5c536b2	Rafael Zimberoff	895232	SHIPRUSH1	print	140	140	0	0004089523201061358262087174800	shp_2f261e5cd35d4b389cf9b28fb310aa83	3	1102	4	NULL	NULL	NULL	NULL	Flat	FC	27103	62087-1748	US"
"2017-09-21	user_b575e4fc666c49e9a3cf1b8f3d1fb382	user_ebea46a38c3c4f92889241aad5c536b2	Rafael Zimberoff	895232	SHIPRUSH1	print	630	533	0	9405536895232172334104	shp_bcca0ec2f5cd4131b914685d4032fb09	1	7422	6	NULL	NULL	NULL	NULL	FlatRatePaddedEnvelope	PM	85281	53583-9600	US"
"2017-09-21	user_0ccd200b633d4eeaa9a7c26f6382edfb	user_ebea46a38c3c4f92889241aad5c536b2	Rafael Zimberoff	895232	SHIPRUSH1	print	575	499	0	9405536895232172334111	shp_2995ba12a1c946cea4f8c6a93ed21f13	10	7700	1	NULL	NULL	NULL	NULL	Parcel	PM	44056	44133-3196	US"
"2017-09-21	user_d553de45dd014543895e48e1976abbfc	user_ebea46a38c3c4f92889241aad5c536b2	Rafael Zimberoff	895232	SHIPRUSH1	print	717	614	0	9405536895232172334418	shp_114e4c79b9034991b4d6d1658482f9b2	144	7508	2	NULL	NULL	NULL	NULL	RegionalRateBoxB	PM	45840	44333-4525	US"
"2017-09-21	user_35cef0a6ecfa4592a3a3e0ebb2d2f42d	user_ebea46a38c3c4f92889241aad5c536b2	Rafael Zimberoff	895232	SHIPRUSH1	print	625	519	0	9405536895232172334463	shp_420351ac55bf4fd295a6b46a5afd58ea	1	7720	4	NULL	NULL	NULL	NULL	SmallFlatRateBox	PM	374083022	27612-7819	US"
"2017-09-21	user_17786a6c2ee44e959f40b796f6d31932	user_ebea46a38c3c4f92889241aad5c536b2	Rafael Zimberoff	895232	SHIPRUSH1	print	261	261	0	9400136895232172334453	shp_b0c9307402574610b8876e15fe2d9469	4	1231	7	5	5	5	NULL	Parcel	FC	55345	97210-1533	US"
"2017-09-21	user_f1c66051fc4e4cb39e38e63913d42728	user_ebea46a38c3c4f92889241aad5c536b2	Rafael Zimberoff	895232	SHIPRUSH1	print	261	261	0	9400136895232172334484	shp_4fca063b3bb74fd4a099d2e2b2f36536	3	1231	5	NULL	NULL	NULL	NULL	Parcel	FC	34104	70802-4048	US"
"2017-09-21	user_0ccd200b633d4eeaa9a7c26f6382edfb	user_ebea46a38c3c4f92889241aad5c536b2	Rafael Zimberoff	895232	SHIPRUSH1	print	653	551	0	9405536895232172334548	shp_93bd06f206bb449b9be85cbab3da88a1	16	7700	5	NULL	NULL	NULL	NULL	Parcel	PM	44056	70363-7200	US"
"2017-09-21	user_223aa02c9acf40099fcb6290450bfe69	user_ebea46a38c3c4f92889241aad5c536b2	Rafael Zimberoff	895232	SHIPRUSH1	print	625	519	0	9405536895232172334616	shp_4e524fc0603e4a68ae3d3a88edad8c79	1	7720	2	NULL	NULL	NULL	NULL	SmallFlatRateBox	PM	37085	40272-3505	US"
"2017-09-21	user_384c7de3f9ac42faa20c0ab8756d33a7	user_ebea46a38c3c4f92889241aad5c536b2	Rafael Zimberoff	895232	SHIPRUSH1	print	277	277	0	9400136895232172334620	shp_e68feb3429fc467291732c26c40edf31	6	1231	8	NULL	NULL	NULL	NULL	Parcel	FC	90620	30121-5123	US"
"2017-09-21	user_9a97c49c0f5849169d55e65617badec7	user_ebea46a38c3c4f92889241aad5c536b2	Rafael Zimberoff	895232	SHIPRUSH1	print	882	565	0	9405536895232172334630	shp_ef70cf70281e4c59837c746bbd6085d5	160	7700	1	NULL	NULL	NULL	NULL	Parcel	PM	98841	98942-9568	US"
"2017-09-21	user_a0a7098b1a8e45f8b85b845056b1f439	user_ebea46a38c3c4f92889241aad5c536b2	Rafael Zimberoff	895232	SHIPRUSH1	print	575	494	0	9405536895232172334722	shp_39b2c315099e40ebbb85390639007f8a	1	7710	8	NULL	NULL	NULL	NULL	FlatRateEnvelope	PM	98444	34668-3363	US"
"2017-09-21	user_fd108ea547094780bbb670148fb6ac24	user_ebea46a38c3c4f92889241aad5c536b2	Rafael Zimberoff	895232	SHIPRUSH1	print	605	498	0	9405536895232172334746	shp_6207ee4933fb4a8b9b60aea04f464049	1	7711	8	NULL	NULL	NULL	NULL	FlatRateLegalEnvelope	PM	95050	11572-4326	US"
"2017-09-21	user_0968d05221ca4d20be0bfa1b14205567	user_ebea46a38c3c4f92889241aad5c536b2	Rafael Zimberoff	895232	SHIPRUSH1	print	261	261	0	9400136895232172334804	shp_1237b90cf8374d82bcf662f20972a53f	3	1231	5	5	5	5	NULL	Parcel	FC	66214	22554-6505	US"
"2017-09-21	user_0ccd200b633d4eeaa9a7c26f6382edfb	user_ebea46a38c3c4f92889241aad5c536b2	Rafael Zimberoff	895232	SHIPRUSH1	print	653	551	0	9405536895232172334852	shp_d288132fe1ea4dc09f58a35707d77bb8	12	7700	5	NULL	NULL	NULL	NULL	Parcel	PM	44056	56320-1423	US"
"2017-09-21	user_617cf1ba412042a3b3fad8d8239ab1d1	user_ebea46a38c3c4f92889241aad5c536b2	Rafael Zimberoff	895232	SHIPRUSH1	print	723	587	0	9405536895232172334869	shp_9bcc57827dde4dd79fc77f2a99621e7e	19	7700	5	4	4	8	NULL	Parcel	PM	19966-6671	39845-4220	US"
"2017-09-21	user_091df89ed1aa49ad9c6c9cf5126214b0	user_ebea46a38c3c4f92889241aad5c536b2	Rafael Zimberoff	895232	SHIPRUSH1	print	416	416	0	9400136895232172334934	shp_d532a4b2c8bc4c608d917239fb784c49	15	1231	8	NULL	NULL	NULL	NULL	Parcel	FC	97293	30083-2811	US"
"2017-09-21	user_091df89ed1aa49ad9c6c9cf5126214b0	user_ebea46a38c3c4f92889241aad5c536b2	Rafael Zimberoff	895232	SHIPRUSH1	print	575	494	0	9405536895232172334913	shp_bbf18b1dccd646eab6449e089d1ed623	1	7710	8	NULL	NULL	NULL	NULL	FlatRateEnvelope	PM	97293	16057-5020	US"
"2017-09-21	user_4f8f3ff224cc4a9f9fd90923ad39b51d	user_ebea46a38c3c4f92889241aad5c536b2	Rafael Zimberoff	895232	SHIPRUSH1	print	1513	1513	0	9405536895232172334968	shp_c23663eb633247b2bbe743fff53b4df0	64	7400	7	14	13	6	NULL	Parcel	PM	37135	99326-0918	US"
"2017-09-21	user_f258bb4dd9ad442cbf576a33fdb880fc	user_ebea46a38c3c4f92889241aad5c536b2	Rafael Zimberoff	895232	SHIPRUSH1	print	261	261	0	9400136895232172334996	shp_84fbd7c33142417fb84fe6468e759bc2	1	1231	8	NULL	NULL	NULL	NULL	Parcel	FC	91737	07024-1635	US"
"2017-09-21	user_9a97c49c0f5849169d55e65617badec7	user_ebea46a38c3c4f92889241aad5c536b2	Rafael Zimberoff	895232	SHIPRUSH1	print	1205	1061	0	9405536895232172335026	shp_228d378096c24c5c96b636c3b9c4153e	1	7730	8	NULL	NULL	NULL	NULL	MediumFlatRateBox	PM	98841	13760-3358	US"
"2017-09-21	user_96c9cdee0c9941d88ca673eb4924b96e	user_ebea46a38c3c4f92889241aad5c536b2	Rafael Zimberoff	895232	SHIPRUSH1	print	261	261	0	9400136895232172335047	shp_40f35329fe624821974ba4353127896c	3	1231	5	NULL	NULL	NULL	NULL	Parcel	FC	33334	19547-8982	US"
"2017-09-21	user_eaa827ff71264fd8af2e02d54ac127b6	user_ebea46a38c3c4f92889241aad5c536b2	Rafael Zimberoff	895232	SHIPRUSH1	print	360	360	0	9400136895232172335078	shp_90443c43781746f6bf8b98046f1ea853	11	1231	8	18	12	1	NULL	Parcel	FC	33407	95355-9369	US"
"2017-09-21	user_de22e449888a42d39435eba079cff00d	user_ebea46a38c3c4f92889241aad5c536b2	Rafael Zimberoff	895232	SHIPRUSH1	print	277	277	0	9400136895232172335115	shp_9500325e251e4fe4b6563ea39f1d8761	8	1231	8	NULL	NULL	NULL	NULL	Parcel	FC	91914	27042-8116	US"
"2017-09-21	user_0ccd200b633d4eeaa9a7c26f6382edfb	user_ebea46a38c3c4f92889241aad5c536b2	Rafael Zimberoff	895232	SHIPRUSH1	print	625	519	0	9405536895232172335149	shp_439369d986e5424a9c07b878b187fa15	1	7720	5	NULL	NULL	NULL	NULL	SmallFlatRateBox	PM	44056	70769-4476	US"
"2017-09-21	user_7b07b92ecd5549c38e2367703f7d245c	user_ebea46a38c3c4f92889241aad5c536b2	Rafael Zimberoff	895232	SHIPRUSH1	print	140	140	0	0004089523201061359158301894000	shp_d564482441734359a5bd2628ab481746	3	1102	6	NULL	NULL	NULL	NULL	Flat	FC	27103	58301-8940	US"
"2017-09-21	user_75c72fe617f24f6aa49633cb9467c800	user_ebea46a38c3c4f92889241aad5c536b2	Rafael Zimberoff	895232	SHIPRUSH1	print	261	261	0	9400136895232172335177	shp_367bd2e66a9741dca2eb7f30341e2f25	4	1231	6	NULL	NULL	NULL	NULL	Parcel	FC	34104	11372-2224	US"
"2017-09-21	user_7e6590e8a625405395daf627d137bca2	user_ebea46a38c3c4f92889241aad5c536b2	Rafael Zimberoff	895232	SHIPRUSH1	print	1585	998	245	9410836895232172335203	shp_dc4b629fbf454d12a138ce8504f0e182	176	7700	4	22	17	12	NULL	Parcel	PM	91010	94116-2127	US"
"2017-09-21	user_617cf1ba412042a3b3fad8d8239ab1d1	user_ebea46a38c3c4f92889241aad5c536b2	Rafael Zimberoff	895232	SHIPRUSH1	print	261	261	0	9400136895232172335290	shp_289392d8c3aa44a4a72c52c5d9856059	4	1231	6	NULL	NULL	NULL	NULL	Parcel	FC	19966-6671	73065-6438	US"
"2017-09-21	user_35cef0a6ecfa4592a3a3e0ebb2d2f42d	user_ebea46a38c3c4f92889241aad5c536b2	Rafael Zimberoff	895232	SHIPRUSH1	print	625	519	0	9405536895232172335309	shp_d23e7a83829344b086f6fa24fbc26787	1	7720	4	NULL	NULL	NULL	NULL	SmallFlatRateBox	PM	374083022	48120-1232	US"
"2017-09-21	user_a0a7098b1a8e45f8b85b845056b1f439	user_ebea46a38c3c4f92889241aad5c536b2	Rafael Zimberoff	895232	SHIPRUSH1	print	575	494	0	9405536895232172335361	shp_3bb4fbcdb9804e0597dafb072a5b2982	1	7710	8	NULL	NULL	NULL	NULL	FlatRateEnvelope	PM	98444	77023-5118	US"
"2017-09-21	user_77153de07c854b479e8d4877a3d42a04	user_ebea46a38c3c4f92889241aad5c536b2	Rafael Zimberoff	895232	SHIPRUSH1	print	277	277	0	9400136895232172335399	shp_9c8e7f1ddf804330b5d9f9bc73817410	5	1231	8	10	10	10	NULL	Parcel	FC	46012	95826-2354	US"
"2017-09-21	user_77153de07c854b479e8d4877a3d42a04	user_ebea46a38c3c4f92889241aad5c536b2	Rafael Zimberoff	895232	SHIPRUSH1	print	277	277	0	9400136895232172335498	shp_52a76fe09c4e4b61a2632ad6f2abf6e4	5	1231	2	10	10	10	NULL	Parcel	FC	46012	41017-4635	US"
"2017-09-21	user_a968a571cf994b6cbab1423b0f0511f3	user_ebea46a38c3c4f92889241aad5c536b2	Rafael Zimberoff	895232	SHIPRUSH1	print	575	499	0	9405536895232172335507	shp_7fe97b24292c4d5d86308d866f405d11	16	7700	1	NULL	NULL	NULL	NULL	Parcel	PM	91748	90044-1835	US"
"2017-09-21	user_0ccd200b633d4eeaa9a7c26f6382edfb	user_ebea46a38c3c4f92889241aad5c536b2	Rafael Zimberoff	895232	SHIPRUSH1	print	625	519	0	9405536895232172335538	shp_3bfd062208d24e9093ec3e3be86a1697	1	7720	4	NULL	NULL	NULL	NULL	SmallFlatRateBox	PM	44056	30290-2224	US"
"2017-09-21	user_8a6ea278e3944bf88a7ad4f1e74d12a0	user_ebea46a38c3c4f92889241aad5c536b2	Rafael Zimberoff	895232	SHIPRUSH1	print	652	530	0	9405536895232172335569	shp_3dfd936cf5f44cbe9dcb365791b170d1	64	7507	1	NULL	NULL	NULL	NULL	RegionalRateBoxA	PM	92374	90503-6136	US"
"2017-09-21	user_85e9c734a8334e66b9b4303bb5a7e82c	user_ebea46a38c3c4f92889241aad5c536b2	Rafael Zimberoff	895232	SHIPRUSH1	print	277	277	0	9400136895232172335597	shp_23e9faf6eefe47668e41a9658cceb2ca	5	1231	2	NULL	NULL	NULL	NULL	Parcel	FC	60622	53511-2663	US"
"2017-09-21	user_77153de07c854b479e8d4877a3d42a04	user_ebea46a38c3c4f92889241aad5c536b2	Rafael Zimberoff	895232	SHIPRUSH1	print	277	277	0	9400136895232172335641	shp_6e489ca71ac44616b12eae1ccbf95df7	5	1231	4	10	10	10	NULL	Parcel	FC	46012	55355-1736	US"
"2017-09-21	user_bdfffce49a4d40419d7fc6c8a827d8d3	user_ebea46a38c3c4f92889241aad5c536b2	Rafael Zimberoff	895232	SHIPRUSH1	print	630	533	0	9405536895232172335675	shp_af5ad617687f476b903b1f89c124d869	1	7422	3	NULL	NULL	NULL	NULL	FlatRatePaddedEnvelope	PM	64429	74015-6326	US"
"2017-09-21	user_617cf1ba412042a3b3fad8d8239ab1d1	user_ebea46a38c3c4f92889241aad5c536b2	Rafael Zimberoff	895232	SHIPRUSH1	print	261	261	0	9400136895232172335900	shp_097fb0dc3f6548d7b9314bc7615fcc4b	2	1231	4	NULL	NULL	NULL	NULL	Parcel	FC	19966-6671	48072-1553	US"
"2017-09-21	user_77153de07c854b479e8d4877a3d42a04	user_ebea46a38c3c4f92889241aad5c536b2	Rafael Zimberoff	895232	SHIPRUSH1	print	277	277	0	9400136895232172335931	shp_d9521a2100804e9ba5aaefc041dd66cc	5	1231	4	10	10	10	NULL	Parcel	FC	46012	20191-1880	US"
"2017-09-21	user_77153de07c854b479e8d4877a3d42a04	user_ebea46a38c3c4f92889241aad5c536b2	Rafael Zimberoff	895232	SHIPRUSH1	print	277	277	0	9400136895232172336075	shp_87e98c6b27ad42f28d05d39c5ebcf651	5	1231	5	10	10	10	NULL	Parcel	FC	46012	78045-2008	US"
"2017-09-21	user_f1e2723f940b41b191ca538eb0d8cfde	user_ebea46a38c3c4f92889241aad5c536b2	Rafael Zimberoff	895232	SHIPRUSH1	print	663	578	0	9405536895232172336207	shp_85ae8f395124463184d7ff3d03b07625	29	7700	4	14	7	5	NULL	Parcel	PM	65615	36117-8959	US"
"2017-09-21	user_75c72fe617f24f6aa49633cb9467c800	user_ebea46a38c3c4f92889241aad5c536b2	Rafael Zimberoff	895232	SHIPRUSH1	print	261	261	0	9400136895232172336259	shp_8cb37b7f22e34243a88d11025159c334	4	1231	5	NULL	NULL	NULL	NULL	Parcel	FC	34104	70507-2757	US"
"2017-09-21	user_f258bb4dd9ad442cbf576a33fdb880fc	user_ebea46a38c3c4f92889241aad5c536b2	Rafael Zimberoff	895232	SHIPRUSH1	print	261	261	0	9400136895232172336327	shp_7ff0046a1d644a53b539ce94f86bb071	1	1231	5	NULL	NULL	NULL	NULL	Parcel	FC	91737	98322-0554	US"
"2017-09-21	user_77153de07c854b479e8d4877a3d42a04	user_ebea46a38c3c4f92889241aad5c536b2	Rafael Zimberoff	895232	SHIPRUSH1	print	277	277	0	9400136895232172336310	shp_d6527b74220047b4b7d975452a36225a	5	1231	4	10	10	10	NULL	Parcel	FC	46012	27527-5764	US"
"2017-09-21	user_59e244f01af84076a32a1a5cfd275c4c	user_ebea46a38c3c4f92889241aad5c536b2	Rafael Zimberoff	895232	SHIPRUSH1	print	884	795	0	9405536895232172336382	shp_2fadfc24172e4cc0b9483f728a53b201	36	7402	8	14	5	3	2	Parcel	PM	46205	98101-1358	US"
"2017-09-21	user_a0a7098b1a8e45f8b85b845056b1f439	user_ebea46a38c3c4f92889241aad5c536b2	Rafael Zimberoff	895232	SHIPRUSH1	print	402	402	0	9400136895232172336402	shp_38d25759bcd84547943557e7860682af	14	1231	5	NULL	NULL	NULL	NULL	Parcel	FC	98444	80130-7153	US"
"2017-09-21	user_66670093cdb1419ea6673f4d45d376ff	user_ebea46a38c3c4f92889241aad5c536b2	Rafael Zimberoff	895232	SHIPRUSH1	print	360	360	0	9400136895232172336433	shp_6e0d462a3e7a4cc5b34fd113980e2829	11	1231	5	NULL	NULL	NULL	NULL	Parcel	FC	54895	28730-6101	US"
"2017-09-21	user_384c7de3f9ac42faa20c0ab8756d33a7	user_ebea46a38c3c4f92889241aad5c536b2	Rafael Zimberoff	895232	SHIPRUSH1	print	346	346	0	9400136895232172336440	shp_ff4977ea6d0b472bba5f4dba218e9886	10	1231	5	NULL	NULL	NULL	NULL	Parcel	FC	90620	59873	US"
"2017-09-21	user_77153de07c854b479e8d4877a3d42a04	user_ebea46a38c3c4f92889241aad5c536b2	Rafael Zimberoff	895232	SHIPRUSH1	print	277	277	0	9400136895232172336501	shp_fa629143753e48dba1e70943828f4d9e	5	1231	5	10	10	10	NULL	Parcel	FC	46012	77304-2324	US"
"2017-09-21	user_0ccd200b633d4eeaa9a7c26f6382edfb	user_ebea46a38c3c4f92889241aad5c536b2	Rafael Zimberoff	895232	SHIPRUSH1	print	663	578	0	9405536895232172336689	shp_62e3bd0001c44460a491b784625fb2a7	21	7700	4	9	9	9	NULL	Parcel	PM	44056	02852-1448	US"
"2017-09-21	user_5bf0ec13a1be45ebb8917a973c00f709	user_ebea46a38c3c4f92889241aad5c536b2	Rafael Zimberoff	895232	SHIPRUSH1	print	641	524	0	9405536895232172336740	shp_ddd7af0637d5490dbbed26c1fbaa2f5e	48	7700	2	19	23	5	NULL	Parcel	PM	46514	60156-1670	US"
"2017-09-21	user_82d271d52ada4d1d97539734a28045a9	user_ebea46a38c3c4f92889241aad5c536b2	Rafael Zimberoff	895232	SHIPRUSH1	print	575	494	0	9405536895232172336795	shp_e36df5ab46014b0eb2437b8cbbb40139	1	7710	8	NULL	NULL	NULL	NULL	FlatRateEnvelope	PM	98335	27534-7394	US"
"2017-09-21	user_17786a6c2ee44e959f40b796f6d31932	user_ebea46a38c3c4f92889241aad5c536b2	Rafael Zimberoff	895232	SHIPRUSH1	print	277	277	0	9400136895232172336815	shp_255c97bb8fe04bb0a74e28ee33ccc65c	7	1231	7	5	5	5	NULL	Parcel	FC	55345	33411-2778	US"
"2017-09-21	user_fd108ea547094780bbb670148fb6ac24	user_ebea46a38c3c4f92889241aad5c536b2	Rafael Zimberoff	895232	SHIPRUSH1	print	605	498	0	9405536895232172336832	shp_bbb5d873506145929b778a14ec246305	1	7711	3	NULL	NULL	NULL	NULL	FlatRateLegalEnvelope	PM	95050	90003-1510	US"
"2017-09-21	user_223aa02c9acf40099fcb6290450bfe69	user_ebea46a38c3c4f92889241aad5c536b2	Rafael Zimberoff	895232	SHIPRUSH1	print	625	519	0	9405536895232172336856	shp_6e67fa2d4ea14a78af56ca1c75490a1b	1	7720	3	NULL	NULL	NULL	NULL	SmallFlatRateBox	PM	37085	35744-8132	US"
"2017-09-21	user_96c9cdee0c9941d88ca673eb4924b96e	user_ebea46a38c3c4f92889241aad5c536b2	Rafael Zimberoff	895232	SHIPRUSH1	print	891	629	0	9405536895232172336931	shp_5ddd1b1503234ac99e8e348d354c2367	32	7700	6	NULL	NULL	NULL	NULL	Parcel	PM	33334	48346-4258	US"
"2017-09-21	user_7b07b92ecd5549c38e2367703f7d245c	user_ebea46a38c3c4f92889241aad5c536b2	Rafael Zimberoff	895232	SHIPRUSH1	print	140	140	0	0004089523201061359864730161200	shp_f71c4d43f40943f7a08c3405765127dc	3	1102	5	NULL	NULL	NULL	NULL	Flat	FC	27103	64730-1612	US"
"2017-09-21	user_b51933600e074a429bf0c4709c14ddef	user_ebea46a38c3c4f92889241aad5c536b2	Rafael Zimberoff	895232	SHIPRUSH1	print	641	524	0	9405536895232172336986	shp_fe4bd15744e54eeeb3abfcade708f6f6	41	7700	1	14	13	13	NULL	Parcel	PM	31030	31901-1694	US"
"2017-09-21	user_18a8c8447e334a87b1212dc872476924	user_ebea46a38c3c4f92889241aad5c536b2	Rafael Zimberoff	895232	SHIPRUSH1	print	277	277	0	9400136895232172337119	shp_c852d2d4213247b89697f7b337e32cf6	8	1231	7	NULL	NULL	NULL	NULL	Parcel	FC	44039	85118-0814	US"
"2017-09-21	user_4f396ee5bc1542569a4226593017ca6e	user_ebea46a38c3c4f92889241aad5c536b2	Rafael Zimberoff	895232	SHIPRUSH1	print	666	572	0	9405536895232172337174	shp_7880e45215f148219e66ce8b5719e1f9	16	7700	6	7	6	4	NULL	Parcel	PM	22046	75062-6583	US"
"2017-09-21	user_75c72fe617f24f6aa49633cb9467c800	user_ebea46a38c3c4f92889241aad5c536b2	Rafael Zimberoff	895232	SHIPRUSH1	print	261	261	0	9400136895232172337478	shp_ce1b9a4da0d949e9be2d4b9680646ea6	4	1231	5	NULL	NULL	NULL	NULL	Parcel	FC	34104	65459-8288	US"
"2017-09-21	user_fd108ea547094780bbb670148fb6ac24	user_ebea46a38c3c4f92889241aad5c536b2	Rafael Zimberoff	895232	SHIPRUSH1	print	575	494	0	9405536895232172337518	shp_174daf342a5849aa95d88e2710ba20df	1	7710	8	NULL	NULL	NULL	NULL	FlatRateEnvelope	PM	95050	17601-5627	US"
"2017-09-21	user_a0a7098b1a8e45f8b85b845056b1f439	user_ebea46a38c3c4f92889241aad5c536b2	Rafael Zimberoff	895232	SHIPRUSH1	print	575	494	0	9405536895232172337600	shp_2d624a315f3d4e29b556a556da81de96	1	7710	8	NULL	NULL	NULL	NULL	FlatRateEnvelope	PM	98444	46706-1460	US"
"2017-09-21	user_0ccd200b633d4eeaa9a7c26f6382edfb	user_ebea46a38c3c4f92889241aad5c536b2	Rafael Zimberoff	895232	SHIPRUSH1	print	663	578	0	9405536895232172337662	shp_d3501e83cd924fb5acfc022ffdfe9bd8	28	7700	4	NULL	NULL	NULL	NULL	Parcel	PM	44056	01337-9466	US"
"2017-09-21	user_77153de07c854b479e8d4877a3d42a04	user_ebea46a38c3c4f92889241aad5c536b2	Rafael Zimberoff	895232	SHIPRUSH1	print	277	277	0	9400136895232172337713	shp_d1f92a4c963e4a4cbf1a066d39663d5c	5	1231	4	10	10	10	NULL	Parcel	FC	46012	64735-2916	US"
"2017-09-21	user_17786a6c2ee44e959f40b796f6d31932	user_ebea46a38c3c4f92889241aad5c536b2	Rafael Zimberoff	895232	SHIPRUSH1	print	919	823	0	9405536895232172337792	shp_d0f84d016d26481681b1f8cf11a03fed	188	7507	6	NULL	NULL	NULL	NULL	RegionalRateBoxA	PM	55345	03036-4207	US"
"2017-09-21	user_77153de07c854b479e8d4877a3d42a04	user_ebea46a38c3c4f92889241aad5c536b2	Rafael Zimberoff	895232	SHIPRUSH1	print	277	277	0	9400136895232172337829	shp_9a0e8443fc2442028ec628b9952f89b9	5	1231	4	10	10	10	NULL	Parcel	FC	46012	55901-4838	US"
"2017-09-21	user_fd108ea547094780bbb670148fb6ac24	user_ebea46a38c3c4f92889241aad5c536b2	Rafael Zimberoff	895232	SHIPRUSH1	print	575	494	0	9405536895232172337921	shp_3a18fdc80fef4e648d886a56b7101c6b	1	7710	6	NULL	NULL	NULL	NULL	FlatRateEnvelope	PM	95050	51566-1619	US"
"2017-09-21	user_82d271d52ada4d1d97539734a28045a9	user_ebea46a38c3c4f92889241aad5c536b2	Rafael Zimberoff	895232	SHIPRUSH1	print	575	494	0	9405536895232172337990	shp_a9f04b2da9ce4a2d802ca20ec86f833b	1	7710	8	NULL	NULL	NULL	NULL	FlatRateEnvelope	PM	98335	77488-3244	US"
"2017-09-21	user_0ccd200b633d4eeaa9a7c26f6382edfb	user_ebea46a38c3c4f92889241aad5c536b2	Rafael Zimberoff	895232	SHIPRUSH1	print	653	551	0	9405536895232172338034	shp_af8046c6a64149278bcbdd34694fe611	14	7700	5	NULL	NULL	NULL	NULL	Parcel	PM	44056	70458-5572	US"
"2017-09-21	user_f258bb4dd9ad442cbf576a33fdb880fc	user_ebea46a38c3c4f92889241aad5c536b2	Rafael Zimberoff	895232	SHIPRUSH1	print	261	261	0	9400136895232172338109	shp_1dce4cbb1aba4095af29b9e51ad8088f	1	1231	8	NULL	NULL	NULL	NULL	Parcel	FC	91737	11790-3404	US"
"2017-09-21	user_384c7de3f9ac42faa20c0ab8756d33a7	user_ebea46a38c3c4f92889241aad5c536b2	Rafael Zimberoff	895232	SHIPRUSH1	print	402	402	0	9400136895232172338178	shp_f9c621fd54a543ff975ac07409995067	14	1231	4	NULL	NULL	NULL	NULL	Parcel	FC	90620	85746-2116	US"
"2017-09-21	user_b20493dddd484b01b55e60661761cabf	user_ebea46a38c3c4f92889241aad5c536b2	Rafael Zimberoff	895232	SHIPRUSH1	print	1470	1200	245	9410836895232172338228	shp_e77ac13d9b2c4c70977ffe5af7f0a879	67	7504	6	14	12	4	4	Parcel	PM	33433	03049-6451	US"
"2017-09-21	user_c5cfe824a53f424798e0eefa678927f1	user_ebea46a38c3c4f92889241aad5c536b2	Rafael Zimberoff	895232	SHIPRUSH1	print	430	430	0	9400136895232172338260	shp_0e69db597ad040848dd861de94bed76e	15.9	1231	5	NULL	NULL	NULL	NULL	Parcel	FC	80301	90265-3202	US"
"2017-09-21	user_85e9c734a8334e66b9b4303bb5a7e82c	user_ebea46a38c3c4f92889241aad5c536b2	Rafael Zimberoff	895232	SHIPRUSH1	print	263	263	0	9449036895232172338378	shp_1f430aa0d83f4365b5e62ec34e99c443	16	4310	5	NULL	NULL	NULL	NULL	Parcel	BS	60622	23321-3190	US"
"2017-09-21	user_9c8585e0818049e89179a99bf917675f	user_ebea46a38c3c4f92889241aad5c536b2	Rafael Zimberoff	895232	SHIPRUSH1	print	277	277	0	9400136895232172338437	shp_e47ecf3d9e0b4ae58abea292ef3f4e65	7	1231	5	NULL	NULL	NULL	NULL	Parcel	FC	35614	79403	US"
"2017-09-21	user_75c72fe617f24f6aa49633cb9467c800	user_ebea46a38c3c4f92889241aad5c536b2	Rafael Zimberoff	895232	SHIPRUSH1	print	261	261	0	9400136895232172338512	shp_169db8f8a6484c23810bbfe253a851a3	4	1231	5	NULL	NULL	NULL	NULL	Parcel	FC	34104	15089-1610	US"
"2017-09-21	user_a0a7098b1a8e45f8b85b845056b1f439	user_ebea46a38c3c4f92889241aad5c536b2	Rafael Zimberoff	895232	SHIPRUSH1	print	374	374	0	9400136895232172338611	shp_d1f7e18fd4104a9ca2775cea3c0c3586	12	1231	7	NULL	NULL	NULL	NULL	Parcel	FC	98444	75002-8405	US"
"2017-09-21	user_65b0fc1b79a7489baab468d179b3b978	user_ebea46a38c3c4f92889241aad5c536b2	Rafael Zimberoff	895232	SHIPRUSH1	print	261	261	0	9400136895232172338680	shp_bc47f0d9a2644feda6e5252bbea46cb6	4	1231	7	10	10	10	NULL	Parcel	FC	91733	37091-2240	US"
"2017-09-21	user_223aa02c9acf40099fcb6290450bfe69	user_ebea46a38c3c4f92889241aad5c536b2	Rafael Zimberoff	895232	SHIPRUSH1	print	625	519	0	9405536895232172338737	shp_6376a2d46d70472c81658251399f913d	1	7720	8	NULL	NULL	NULL	NULL	SmallFlatRateBox	PM	37085	93314-8806	US"
"2017-09-21	user_f258bb4dd9ad442cbf576a33fdb880fc	user_ebea46a38c3c4f92889241aad5c536b2	Rafael Zimberoff	895232	SHIPRUSH1	print	261	261	0	9400136895232172338956	shp_d73fca5e5a4e4580911c34a85433fe9f	1	1231	5	NULL	NULL	NULL	NULL	Parcel	FC	91737	80601-3010	US"
"2017-09-21	user_3ec6bbe72e4c4ffbac8a1136ea83d3e7	user_ebea46a38c3c4f92889241aad5c536b2	Rafael Zimberoff	895232	SHIPRUSH1	print	704	631	0	9405536895232172338966	shp_dffd50f0a2af4a6386db1fba44f9d872	11	7700	8	14	14	2	NULL	Parcel	PM	92630	34249-2602	US"
"2017-09-21	user_171a23ce95534181882f2f45fcb6591b	user_ebea46a38c3c4f92889241aad5c536b2	Rafael Zimberoff	895232	SHIPRUSH1	print	277	277	0	9400136895232172339045	shp_cda5f20914ac4abab70148aa43849d89	8	1231	3	NULL	NULL	NULL	NULL	Parcel	FC	07444	02777-4832	US"
"2017-09-21	user_b20493dddd484b01b55e60661761cabf	user_ebea46a38c3c4f92889241aad5c536b2	Rafael Zimberoff	895232	SHIPRUSH1	print	1470	1200	245	9410836895232172339072	shp_991c8fa2eae1435182b0a1a13e450b5d	67	7504	6	14	12	4	4	Parcel	PM	33433	10560-0280	US"
"2017-09-21	user_de22e449888a42d39435eba079cff00d	user_ebea46a38c3c4f92889241aad5c536b2	Rafael Zimberoff	895232	SHIPRUSH1	print	277	277	0	9400136895232172339120	shp_39f0b2378f014fb3aea7c739227ddf86	8	1231	8	NULL	NULL	NULL	NULL	Parcel	FC	91914	23139-5049	US"
"2017-09-21	user_bcdab4e31a52411796a8eafdcffb6f6e	user_ebea46a38c3c4f92889241aad5c536b2	Rafael Zimberoff	895232	SHIPRUSH1	print	261	261	0	9400136895232172339281	shp_d60d6c8182b04f2698d8c7958b50d5d5	4	1231	6	NULL	NULL	NULL	NULL	Parcel	FC	91710	75154-2726	US"
"2017-09-21	user_75c72fe617f24f6aa49633cb9467c800	user_ebea46a38c3c4f92889241aad5c536b2	Rafael Zimberoff	895232	SHIPRUSH1	print	261	261	0	9400136895232172339298	shp_4b3af739fba4412abdbcdad47e0c204b	4	1231	2	NULL	NULL	NULL	NULL	Parcel	FC	34104	33127-2731	US"
"2017-09-21	user_3aaf332621584390838c9c5a887ac8a8	user_ebea46a38c3c4f92889241aad5c536b2	Rafael Zimberoff	895232	SHIPRUSH1	print	703	595	0	9405536895232172339383	shp_0d4b68280aa146d298ce00916500a4a7	48	7700	4	12	3	3	NULL	Parcel	PM	44130	63127-1553	US"
"2017-09-21	user_a0a7098b1a8e45f8b85b845056b1f439	user_ebea46a38c3c4f92889241aad5c536b2	Rafael Zimberoff	895232	SHIPRUSH1	print	261	261	0	9400136895232172339519	shp_1822fa41c2fd475399fb3d268c81b5ad	2	1231	7	NULL	NULL	NULL	NULL	Parcel	FC	98444	64137-1517	US"
"2017-09-21	user_96c9cdee0c9941d88ca673eb4924b96e	user_ebea46a38c3c4f92889241aad5c536b2	Rafael Zimberoff	895232	SHIPRUSH1	print	277	277	0	9400136895232172339564	shp_c0c334f05ca547a2b507f5e355027be1	5	1231	6	NULL	NULL	NULL	NULL	Parcel	FC	33334	08820-1630	US"
"2017-09-21	user_384c7de3f9ac42faa20c0ab8756d33a7	user_ebea46a38c3c4f92889241aad5c536b2	Rafael Zimberoff	895232	SHIPRUSH1	print	605	498	0	9405536895232172339703	shp_5cda4b8e90f34eafa3ca4f3d6ead200a	1	7711	8	NULL	NULL	NULL	NULL	FlatRateLegalEnvelope	PM	90620	28110-3662	US"
"2017-09-21	user_bcdab4e31a52411796a8eafdcffb6f6e	user_ebea46a38c3c4f92889241aad5c536b2	Rafael Zimberoff	895232	SHIPRUSH1	print	261	261	0	9400136895232172339755	shp_de8feb1c289846719dc186f70ae1c05e	4	1231	8	NULL	NULL	NULL	NULL	Parcel	FC	91710	30032-5163	US"
"2017-09-21	user_e696d4ac37cb420284fbc5097bc47d19	user_ebea46a38c3c4f92889241aad5c536b2	Rafael Zimberoff	895232	SHIPRUSH1	print	997	736	0	9405536895232172339741	shp_8facf8cbd80045238c5f7ff7fd41e991	32	7700	8	NULL	NULL	NULL	NULL	Parcel	PM	27409	94550-5830	US"
"2017-09-21	user_eaa827ff71264fd8af2e02d54ac127b6	user_ebea46a38c3c4f92889241aad5c536b2	Rafael Zimberoff	895232	SHIPRUSH1	print	922	708	0	9405536895232172339789	shp_505c7f783b4944c2b4a1ac0503b0ca67	48	7700	5	13	9	5	NULL	Parcel	PM	33407	62040-6609	US"
"2017-09-21	user_b20493dddd484b01b55e60661761cabf	user_ebea46a38c3c4f92889241aad5c536b2	Rafael Zimberoff	895232	SHIPRUSH1	print	1470	1200	245	9410836895232172339805	shp_77559f78c22a4525a6262d4f6a6c4ad5	67	7504	6	14	12	4	4	Parcel	PM	33433	07104-2803	US"
"2017-09-21	user_9c8585e0818049e89179a99bf917675f	user_ebea46a38c3c4f92889241aad5c536b2	Rafael Zimberoff	895232	SHIPRUSH1	print	825	745	0	9405536895232172339932	shp_8b2eb075e53c4055991a6914ca4ddafe	53	7402	6	7	7	6	2	Parcel	PM	35614	82414-9456	US"
"2017-09-21	user_75c72fe617f24f6aa49633cb9467c800	user_ebea46a38c3c4f92889241aad5c536b2	Rafael Zimberoff	895232	SHIPRUSH1	print	261	261	0	9400136895232172339946	shp_01c9b6ab529845ec9473bca5553858e5	4	1231	5	NULL	NULL	NULL	NULL	Parcel	FC	34104	16803-1981	US"
"2017-09-21	user_9e7f2f798919446594494769bd0f8717	user_ebea46a38c3c4f92889241aad5c536b2	Rafael Zimberoff	895232	SHIPRUSH1	print	261	261	0	9400136895232172339977	shp_40746d04f2814f7f93a4fbd4bff020f1	3	1231	7	NULL	NULL	NULL	NULL	Parcel	FC	93551	70003-2219	US"
"2017-09-21	user_f258bb4dd9ad442cbf576a33fdb880fc	user_ebea46a38c3c4f92889241aad5c536b2	Rafael Zimberoff	895232	SHIPRUSH1	print	261	261	0	9400136895232172340003	shp_bd452ae065c643bfa6951d065e515eb0	1	1231	8	NULL	NULL	NULL	NULL	Parcel	FC	91737	07650-3625	US"
"2017-09-21	user_0ccd200b633d4eeaa9a7c26f6382edfb	user_ebea46a38c3c4f92889241aad5c536b2	Rafael Zimberoff	895232	SHIPRUSH1	print	815	753	0	9405536895232172340044	shp_3dba236fee3a48149e55229a1afd146e	63	7507	5	NULL	NULL	NULL	NULL	RegionalRateBoxA	PM	44056	32011-5596	US"
"2017-09-21	user_bcdab4e31a52411796a8eafdcffb6f6e	user_ebea46a38c3c4f92889241aad5c536b2	Rafael Zimberoff	895232	SHIPRUSH1	print	261	261	0	9400136895232172340157	shp_6fd3fae166854afe975c66906bdb0172	4	1231	8	NULL	NULL	NULL	NULL	Parcel	FC	91710	20706-1501	US"
"2017-09-21	user_d4f1aa861f15422b8a885eea683b5e0f	user_ebea46a38c3c4f92889241aad5c536b2	Rafael Zimberoff	895232	SHIPRUSH1	print	277	277	0	9400136895232172340478	shp_7559e5888b6e4a00a990c4b1b21a25ea	5	1231	8	NULL	NULL	NULL	NULL	Parcel	FC	93612	08066-1905	US"
"2017-09-21	user_a0a7098b1a8e45f8b85b845056b1f439	user_ebea46a38c3c4f92889241aad5c536b2	Rafael Zimberoff	895232	SHIPRUSH1	print	360	360	0	9400136895232172340522	shp_ab6eca559b9b4a868c6c84ebd198d920	11	1231	7	NULL	NULL	NULL	NULL	Parcel	FC	98444	99556-0529	US"
"2017-09-21	user_b20493dddd484b01b55e60661761cabf	user_ebea46a38c3c4f92889241aad5c536b2	Rafael Zimberoff	895232	SHIPRUSH1	print	1683	1424	245	9410836895232172340603	shp_79bbfedcf9094f1286e0c692d1ec7851	67	7504	8	14	12	4	4	Parcel	PM	33433	98844-9384	US"
"2017-09-21	user_85e9c734a8334e66b9b4303bb5a7e82c	user_ebea46a38c3c4f92889241aad5c536b2	Rafael Zimberoff	895232	SHIPRUSH1	print	361	361	0	9449036895232172340715	shp_258ee180f0914a4dbe2e0d825e116086	39	4310	5	NULL	NULL	NULL	NULL	Parcel	BS	60622	11370-1801	US"
"2017-09-21	user_aeb11731a6644e76ab97c57aeb876bf8	user_ebea46a38c3c4f92889241aad5c536b2	Rafael Zimberoff	895232	SHIPRUSH1	print	261	261	0	9400136895232172340737	shp_c0b8e8d3c230457c8119622d10c48191	4	1231	4	NULL	NULL	NULL	NULL	Parcel	FC	19150	29040-9216	US"
"2017-09-21	user_5e81d1b14e3e44a8bc6c46d1c246fa1c	user_ebea46a38c3c4f92889241aad5c536b2	Rafael Zimberoff	895232	SHIPRUSH1	print	891	629	0	9405536895232172340778	shp_d3f835be124141f8af3e2613d30dc224	29	7700	6	NULL	NULL	NULL	NULL	Parcel	PM	90720	65616-6141	US"
"2017-09-21	user_d089a546b52f4bf39d130171a18d5e3e	user_ebea46a38c3c4f92889241aad5c536b2	Rafael Zimberoff	895232	SHIPRUSH1	print	277	277	0	9400136895232172340836	shp_3829141be88f4900b3e6934cc24da281	8	1231	8	NULL	NULL	NULL	NULL	Parcel	FC	90040	41102-8369	US"
"2017-09-21	user_b20493dddd484b01b55e60661761cabf	user_ebea46a38c3c4f92889241aad5c536b2	Rafael Zimberoff	895232	SHIPRUSH1	print	1683	1424	245	9410836895232172340917	shp_871cdd887e874f9ba59cad8a38d39d76	67	7504	8	14	12	4	4	Parcel	PM	33433	98844-9384	US"
"2017-09-21	user_6e083d9dff694dc897e19120e17d26a8	user_ebea46a38c3c4f92889241aad5c536b2	Rafael Zimberoff	895232	SHIPRUSH1	print	884	736	0	9405536895232172340969	shp_09a40cdeaf0741eb85897a5ec3564249	32	7700	8	12	9	3	NULL	Parcel	PM	92841	48127-2419	US"
"2017-09-21	user_89e63e8fe3744c11a6bf3fe36821a550	user_ebea46a38c3c4f92889241aad5c536b2	Rafael Zimberoff	895232	SHIPRUSH1	print	261	261	0	9400136895232172340997	shp_29cb543386da42978c1b4e8f89834016	2	1231	7	NULL	NULL	NULL	NULL	Parcel	FC	44143	85621-4510	US"
"2017-09-21	user_70ab5d059a1c4736b18d485aea198d1c	user_ebea46a38c3c4f92889241aad5c536b2	Rafael Zimberoff	895232	SHIPRUSH1	print	261	261	0	9400136895232172340980	shp_2ee63d6e75b943b3aa11b4d5986ea2ee	3	1231	1	NULL	NULL	NULL	NULL	Parcel	FC	18013	10309-3549	US"
"2017-09-21	user_da2503ebfc8a47db8292542c97fa6044	user_ebea46a38c3c4f92889241aad5c536b2	Rafael Zimberoff	895232	SHIPRUSH1	print	633	514	0	9405536895232172341188	shp_77469baf250d471abcdc46d26877ca0e	32	7700	1	12	12	7	NULL	Parcel	PM	23060	22939-2240	US"
"2017-09-21	user_89e63e8fe3744c11a6bf3fe36821a550	user_ebea46a38c3c4f92889241aad5c536b2	Rafael Zimberoff	895232	SHIPRUSH1	print	261	261	0	9400136895232172341246	shp_4613a5855f4c45b188680142fd6d5b35	1	1231	6	NULL	NULL	NULL	NULL	Parcel	FC	44143	33127-3108	US"
"2017-09-21	user_9e7f2f798919446594494769bd0f8717	user_ebea46a38c3c4f92889241aad5c536b2	Rafael Zimberoff	895232	SHIPRUSH1	print	277	277	0	9400136895232172341482	shp_06552a5808e64e8392ea98f62c9362d6	6	1231	3	NULL	NULL	NULL	NULL	Parcel	FC	93551	89011-0962	US"
"2017-09-21	user_77153de07c854b479e8d4877a3d42a04	user_ebea46a38c3c4f92889241aad5c536b2	Rafael Zimberoff	895232	SHIPRUSH1	print	277	277	0	9400136895232172341833	shp_4442ef48488342e5be960b8fc4e1138d	5	1231	5	10	10	10	NULL	Parcel	FC	46012	33611-1108	US"
"2017-09-21	user_92b58df1d8f74af782cdae7844510f98	user_ebea46a38c3c4f92889241aad5c536b2	Rafael Zimberoff	895232	SHIPRUSH1	print	46	46	0	0004089523201061362594591843600	shp_664e66827b9344208bd1318365e9c60b	1	1101	4	NULL	NULL	NULL	NULL	Letter	FC	908153640	94591-8436	US"
"2017-09-21	user_3d583357d7a14b588264c2d1b3683a8f	user_ebea46a38c3c4f92889241aad5c536b2	Rafael Zimberoff	895232	SHIPRUSH1	print	919	823	0	9405536895232172342024	shp_e6698decdf3a4117bcc0b1d131aa6407	58	7507	6	NULL	NULL	NULL	NULL	RegionalRateBoxA	PM	32904	01740-0572	US"
"2017-09-21	user_85e9c734a8334e66b9b4303bb5a7e82c	user_ebea46a38c3c4f92889241aad5c536b2	Rafael Zimberoff	895232	SHIPRUSH1	print	361	361	0	9449036895232172342085	shp_74613db8951745a294a66d7325bc68de	33	4310	7	NULL	NULL	NULL	NULL	Parcel	BS	60622	90405-4359	US"
"2017-09-21	user_77153de07c854b479e8d4877a3d42a04	user_ebea46a38c3c4f92889241aad5c536b2	Rafael Zimberoff	895232	SHIPRUSH1	print	277	277	0	9400136895232172342113	shp_dd22a4c55aed4fa9b88f355b8f09ff0d	5	1231	7	10	10	10	NULL	Parcel	FC	46012	85941-0355	US"
"2017-09-21	user_92b58df1d8f74af782cdae7844510f98	user_ebea46a38c3c4f92889241aad5c536b2	Rafael Zimberoff	895232	SHIPRUSH1	print	115	115	0	UC001019989US	shp_b19d3439892f4e189882efadb93ca533	1	8031	NULL	NULL	NULL	NULL	NULL	Letter	LC	908153640	l7m1t7	CA"
"2017-09-21	user_92b58df1d8f74af782cdae7844510f98	user_ebea46a38c3c4f92889241aad5c536b2	Rafael Zimberoff	895232	SHIPRUSH1	print	46	46	0	0004089523201061362777627500600	shp_0333bf70241a4aefb287f4cd9b51a806	1	1101	6	NULL	NULL	NULL	NULL	Letter	FC	908153640	77627-5006	US"
"2017-09-21	user_0968d05221ca4d20be0bfa1b14205567	user_ebea46a38c3c4f92889241aad5c536b2	Rafael Zimberoff	895232	SHIPRUSH1	print	683	583	0	9405536895232172342413	shp_4e93175c49c14eba889ff4db1752d4ed	96	7507	4	NULL	NULL	NULL	NULL	RegionalRateBoxA	PM	66214	75126-6695	US"
"2017-09-21	user_92b58df1d8f74af782cdae7844510f98	user_ebea46a38c3c4f92889241aad5c536b2	Rafael Zimberoff	895232	SHIPRUSH1	print	46	46	0	0004089523201061362875022488900	shp_7408e6cf34344b2c8f185a1b34a0a49b	1	1101	6	NULL	NULL	NULL	NULL	Letter	FC	908153640	75022-4889	US"
"2017-09-21	user_92b58df1d8f74af782cdae7844510f98	user_ebea46a38c3c4f92889241aad5c536b2	Rafael Zimberoff	895232	SHIPRUSH1	print	46	46	0	0004089523201061362985044182600	shp_82e246371f9847a1a7c631cbebf459d2	1	1101	4	NULL	NULL	NULL	NULL	Letter	FC	908153640	85044-1826	US"
"2017-09-21	user_f258bb4dd9ad442cbf576a33fdb880fc	user_ebea46a38c3c4f92889241aad5c536b2	Rafael Zimberoff	895232	SHIPRUSH1	print	261	261	0	9400136895232172342779	shp_f5a3c2f8710441bea44ac2ddff95a06c	1	1231	8	NULL	NULL	NULL	NULL	Parcel	FC	91737	07093-1558	US"
"2017-09-21	user_a74b1825bd3f4ce380a8d65db5d7fa3a	user_ebea46a38c3c4f92889241aad5c536b2	Rafael Zimberoff	895232	SHIPRUSH1	print	662	534	0	9405536895232172342819	shp_51ba66c1ee5243c3acf1d58a70b16694	54	7700	1	NULL	NULL	NULL	NULL	Parcel	PM	92591	92708-6803	US"
"2017-09-21	user_92b58df1d8f74af782cdae7844510f98	user_ebea46a38c3c4f92889241aad5c536b2	Rafael Zimberoff	895232	SHIPRUSH1	print	46	46	0	0004089523201061363081302264400	shp_b0c98616da894c5bb901ba0a99987fec	1	1101	5	NULL	NULL	NULL	NULL	Letter	FC	908153640	81302-2644	US"
"2017-09-21	user_92b58df1d8f74af782cdae7844510f98	user_ebea46a38c3c4f92889241aad5c536b2	Rafael Zimberoff	895232	SHIPRUSH1	print	46	46	0	0004089523201061363177065387700	shp_897aa15ce7ff4ba196b7e6e8f17343be	1	1101	6	NULL	NULL	NULL	NULL	Letter	FC	908153640	77065-3877	US"
"2017-09-21	user_92b58df1d8f74af782cdae7844510f98	user_ebea46a38c3c4f92889241aad5c536b2	Rafael Zimberoff	895232	SHIPRUSH1	print	46	46	0	0004089523201061363242701694100	shp_9f80fdc774de497ebe79f4ed175217b1	1	1101	8	NULL	NULL	NULL	NULL	Letter	FC	908153640	42701-6941	US"
"2017-09-21	user_171a23ce95534181882f2f45fcb6591b	user_ebea46a38c3c4f92889241aad5c536b2	Rafael Zimberoff	895232	SHIPRUSH1	print	388	388	0	9400136895232172343165	shp_c1f89edd80434f299a416e7b38780725	13	1231	5	NULL	NULL	NULL	NULL	Parcel	FC	07444	55074-8503	US"
"2017-09-21	user_a0a7098b1a8e45f8b85b845056b1f439	user_ebea46a38c3c4f92889241aad5c536b2	Rafael Zimberoff	895232	SHIPRUSH1	print	332	332	0	9400136895232172343332	shp_85e6f191453642fb89a857d9a8b5cbe2	9	1231	6	NULL	NULL	NULL	NULL	Parcel	FC	98444	92114-7176	US"
"2017-09-21	user_aeb11731a6644e76ab97c57aeb876bf8	user_ebea46a38c3c4f92889241aad5c536b2	Rafael Zimberoff	895232	SHIPRUSH1	print	739	561	0	9405536895232172343410	shp_5a6d233aadf54933b6ccac391a7ad326	64	7700	3	NULL	NULL	NULL	NULL	Parcel	PM	19150	01921-2302	US"
"2017-09-21	user_77153de07c854b479e8d4877a3d42a04	user_ebea46a38c3c4f92889241aad5c536b2	Rafael Zimberoff	895232	SHIPRUSH1	print	277	277	0	9400136895232172343516	shp_4a85f87917ce4da89d4ab11e42a546c9	5	1231	8	10	10	10	NULL	Parcel	FC	46012	94114-3616	US"
"2017-09-21	user_89e63e8fe3744c11a6bf3fe36821a550	user_ebea46a38c3c4f92889241aad5c536b2	Rafael Zimberoff	895232	SHIPRUSH1	print	277	277	0	9400136895232172343608	shp_aa26ec1aa8b04fa2b23e0d8ae750b876	5	1231	8	NULL	NULL	NULL	NULL	Parcel	FC	44143	97477-7743	US"
"2017-09-21	user_5a361eeb146645c29f8711258186f33a	user_ebea46a38c3c4f92889241aad5c536b2	Rafael Zimberoff	895232	SHIPRUSH1	print	277	277	0	9400136895232172343615	shp_1df1265a26db49b396b85dd2dd6e09e3	5	1231	8	NULL	NULL	NULL	NULL	Parcel	FC	90063	30269-2838	US"
"2017-09-21	user_77153de07c854b479e8d4877a3d42a04	user_ebea46a38c3c4f92889241aad5c536b2	Rafael Zimberoff	895232	SHIPRUSH1	print	277	277	0	9400136895232172343646	shp_fdf06ed26fbb4822ac4a61c4e2d55649	5	1231	8	10	10	10	NULL	Parcel	FC	46012	95688-8524	US"
"2017-09-21	user_85e9c734a8334e66b9b4303bb5a7e82c	user_ebea46a38c3c4f92889241aad5c536b2	Rafael Zimberoff	895232	SHIPRUSH1	print	361	361	0	9449036895232172343730	shp_ccf4c14f4cea44789aa2cadefbec8dfb	46	4310	8	NULL	NULL	NULL	NULL	Parcel	BS	60622	94618-1338	US"
"2017-09-21	user_f258bb4dd9ad442cbf576a33fdb880fc	user_ebea46a38c3c4f92889241aad5c536b2	Rafael Zimberoff	895232	SHIPRUSH1	print	261	261	0	9400136895232172343783	shp_af14abeae64446eb8f6e6c85dae65d42	1	1231	7	NULL	NULL	NULL	NULL	Parcel	FC	91737	63118-3510	US"
"2017-09-21	user_77153de07c854b479e8d4877a3d42a04	user_ebea46a38c3c4f92889241aad5c536b2	Rafael Zimberoff	895232	SHIPRUSH1	print	277	277	0	9400136895232172343806	shp_77e083ef64064030b456dc7025c12146	5	1231	4	10	10	10	NULL	Parcel	FC	46012	51041-1185	US"
"2017-09-21	user_89e63e8fe3744c11a6bf3fe36821a550	user_ebea46a38c3c4f92889241aad5c536b2	Rafael Zimberoff	895232	SHIPRUSH1	print	277	277	0	9400136895232172344186	shp_e0dd34140890413f88ee93f004af40c3	5	1231	4	NULL	NULL	NULL	NULL	Parcel	FC	44143	38134-5969	US"
"2017-09-21	user_85e9c734a8334e66b9b4303bb5a7e82c	user_ebea46a38c3c4f92889241aad5c536b2	Rafael Zimberoff	895232	SHIPRUSH1	print	626	515	0	9405536895232172344318	shp_951620ab0d2e4842b6c037108953cef2	8	7700	3	NULL	NULL	NULL	NULL	Parcel	PM	60622	63119-3620	US"
"2017-09-21	user_171a23ce95534181882f2f45fcb6591b	user_ebea46a38c3c4f92889241aad5c536b2	Rafael Zimberoff	895232	SHIPRUSH1	print	277	277	0	9400136895232172345138	shp_3a3f4bf4b87f405799cf440e2dd6da7f	8	1231	3	NULL	NULL	NULL	NULL	Parcel	FC	07444	13438-3416	US"
"2017-09-21	user_3ec6bbe72e4c4ffbac8a1136ea83d3e7	user_ebea46a38c3c4f92889241aad5c536b2	Rafael Zimberoff	895232	SHIPRUSH1	print	277	277	0	9400136895232172345589	shp_c1d8d3599019462c8e275e4fe717c691	8	1231	8	12	10	1	NULL	Parcel	FC	92630	18801-7290	US"
"2017-09-21	user_89e63e8fe3744c11a6bf3fe36821a550	user_ebea46a38c3c4f92889241aad5c536b2	Rafael Zimberoff	895232	SHIPRUSH1	print	277	277	0	9400136895232172345718	shp_79c1c7975ab14ab6a31f84306da7ba00	5	1231	4	NULL	NULL	NULL	NULL	Parcel	FC	44143	49855-9566	US"
"2017-09-21	user_5a361eeb146645c29f8711258186f33a	user_ebea46a38c3c4f92889241aad5c536b2	Rafael Zimberoff	895232	SHIPRUSH1	print	277	277	0	9400136895232172346012	shp_68c6b31280a34a8fa9310992f708f42b	6	1231	4	NULL	NULL	NULL	NULL	Parcel	FC	90063	84043-1086	US"
"2017-09-21	user_70ab5d059a1c4736b18d485aea198d1c	user_ebea46a38c3c4f92889241aad5c536b2	Rafael Zimberoff	895232	SHIPRUSH1	print	261	261	0	9400136895232172346579	shp_8c8546ea6f944fdfb991c85ef8ffb55b	3	1231	5	NULL	NULL	NULL	NULL	Parcel	FC	18013	60403-2370	US"
"2017-09-21	user_89e63e8fe3744c11a6bf3fe36821a550	user_ebea46a38c3c4f92889241aad5c536b2	Rafael Zimberoff	895232	SHIPRUSH1	print	575	494	0	9405536895232172346688	shp_d5ad68dd05a24eef9e97230de88e06b8	1	7710	4	NULL	NULL	NULL	NULL	FlatRateEnvelope	PM	44143	19033-1706	US"
"2017-09-21	user_89e63e8fe3744c11a6bf3fe36821a550	user_ebea46a38c3c4f92889241aad5c536b2	Rafael Zimberoff	895232	SHIPRUSH1	print	575	494	0	9405536895232172346800	shp_9639595fa5de462abaf36268482655d3	1	7710	4	NULL	NULL	NULL	NULL	FlatRateEnvelope	PM	44143	62025-3772	US"
"2017-09-21	user_9e7f2f798919446594494769bd0f8717	user_ebea46a38c3c4f92889241aad5c536b2	Rafael Zimberoff	895232	SHIPRUSH1	print	261	261	0	9400136895232172346876	shp_98d2f4242ab84da383fccbc854f97083	4	1231	8	NULL	NULL	NULL	NULL	Parcel	FC	93551	15924-8407	US"
"2017-09-21	user_89e63e8fe3744c11a6bf3fe36821a550	user_ebea46a38c3c4f92889241aad5c536b2	Rafael Zimberoff	895232	SHIPRUSH1	print	575	494	0	9405536895232172346947	shp_7e7c40a0e7444f6fb987cf345795feeb	1	7710	4	NULL	NULL	NULL	NULL	FlatRateEnvelope	PM	44143	35803-1163	US"
"2017-09-21	user_9c8585e0818049e89179a99bf917675f	user_ebea46a38c3c4f92889241aad5c536b2	Rafael Zimberoff	895232	SHIPRUSH1	print	815	815	0	9461236895232172346959	shp_b0125ff6627c4774807d0221d16e3489	24	4550	5	8	6	5	NULL	Parcel	PS	35614	17983-9717	US"
"2017-09-21	user_d089a546b52f4bf39d130171a18d5e3e	user_ebea46a38c3c4f92889241aad5c536b2	Rafael Zimberoff	895232	SHIPRUSH1	print	815	753	0	9405536895232172347050	shp_30ab9f3f95004fad83946ace36df6758	48	7507	5	NULL	NULL	NULL	NULL	RegionalRateBoxA	PM	90040	79762-7935	US"
"2017-09-21	user_89e63e8fe3744c11a6bf3fe36821a550	user_ebea46a38c3c4f92889241aad5c536b2	Rafael Zimberoff	895232	SHIPRUSH1	print	575	494	0	9405536895232172347074	shp_ab220847e2fc4c75b850d850b2b6d9c9	1	7710	3	NULL	NULL	NULL	NULL	FlatRateEnvelope	PM	44143	41051-8614	US"
"2017-09-21	user_aeb11731a6644e76ab97c57aeb876bf8	user_ebea46a38c3c4f92889241aad5c536b2	Rafael Zimberoff	895232	SHIPRUSH1	print	575	494	0	9405536895232172347098	shp_5aa4a089bfdb44889fc4113fcb609093	1	7710	5	NULL	NULL	NULL	NULL	FlatRateEnvelope	PM	19150	33472-7342	US"
"2017-09-21	user_85e9c734a8334e66b9b4303bb5a7e82c	user_ebea46a38c3c4f92889241aad5c536b2	Rafael Zimberoff	895232	SHIPRUSH1	print	277	277	0	9400136895232172347156	shp_d1bb91e41e6941c3a434dd0c320e5b82	5	1231	5	NULL	NULL	NULL	NULL	Parcel	FC	60622	28304-3406	US"
